{
  "Vitality": 1174.406624959093,
  "NAVI": 1046.7832022602358,
  "MOUZ": 954.0722292716474,
  "Falcons": 1029.9676349802542,
  "MongolZ": 933.2427354479352,
  "Aurora": 951.5605786469939,
  "FURIA": 1010.3265499266522,
  "PARIVISION": 888.4840379600951,
  "Spirit": 1114.4678128936712,
  "FUT": 938.8024607984152,
  "G2": 930.6940504656527,
  "9z": 845.2585278726735,
  "BetBoom": 906.808873428953,
  "Legacy": 903.0908416661164,
  "Monte": 856.6114409323893,
  "B8": 855.4223984892213
}