{
  "Vitality": 1171.461523133946,
  "NAVI": 1070.0780743276616,
  "MOUZ": 954.2534526793754,
  "Falcons": 1027.8269390769597,
  "MongolZ": 926.2385327410688,
  "Aurora": 947.5052757245122,
  "FURIA": 1005.6410168764037,
  "PARIVISION": 931.0420189780036,
  "Spirit": 1076.8103493277677,
  "FUT": 940.2494441792969,
  "G2": 908.7162037704559,
  "9z": 815.9172566275306,
  "BetBoom": 919.2888943132996,
  "Legacy": 905.2908926422134,
  "Monte": 873.4419641141088,
  "B8": 866.2381614873967
}