{
  "Vitality": 1168.2357718838502,
  "NAVI": 1056.9465397004014,
  "MOUZ": 949.4856607355083,
  "Falcons": 1036.846600138648,
  "MongolZ": 928.5874751333349,
  "Aurora": 959.0340457644568,
  "FURIA": 1021.266300535231,
  "PARIVISION": 870.3979721811255,
  "Spirit": 1126.8354585690784,
  "FUT": 929.1838672063637,
  "G2": 927.0096306156406,
  "9z": 856.5833916630393,
  "BetBoom": 916.7071369545604,
  "Legacy": 896.2152726013863,
  "Monte": 858.1772636219293,
  "B8": 838.4876126954453
}