{
  "Vitality": 1161.4763495357317,
  "NAVI": 1048.5379976745044,
  "MOUZ": 950.5135892469224,
  "Falcons": 1034.8759487734546,
  "MongolZ": 935.8382727653374,
  "Aurora": 958.6325366878589,
  "FURIA": 1017.297961782613,
  "PARIVISION": 879.7460772317957,
  "Spirit": 1117.0736778449045,
  "FUT": 921.8155953498975,
  "G2": 932.3162112996212,
  "9z": 863.009960355199,
  "BetBoom": 924.3956818761711,
  "Legacy": 890.6083734381764,
  "Monte": 861.9269229459966,
  "B8": 841.934843191816
}