{
  "Vitality": 1171.2506830325908,
  "NAVI": 1038.7271484722514,
  "MOUZ": 939.2886012568307,
  "Falcons": 1050.0146666935073,
  "MongolZ": 927.5119428871649,
  "Aurora": 962.7971131969234,
  "FURIA": 1020.6373205980242,
  "PARIVISION": 871.8549796795803,
  "Spirit": 1120.7100399931592,
  "FUT": 930.4929020213904,
  "G2": 946.1230144493074,
  "9z": 859.9550612758283,
  "BetBoom": 921.0675905572331,
  "Legacy": 886.9292245398959,
  "Monte": 854.6132828101937,
  "B8": 838.0264285361192
}