{
  "Vitality": 1174.2155792818012,
  "NAVI": 1048.8861155218415,
  "MOUZ": 939.2659968786753,
  "Falcons": 1046.9550167067152,
  "MongolZ": 933.2740560322222,
  "Aurora": 962.5138948946401,
  "FURIA": 1020.8215636132252,
  "PARIVISION": 868.085479618268,
  "Spirit": 1124.1305803378632,
  "FUT": 939.0673504012253,
  "G2": 937.0251031899752,
  "9z": 850.3088037380832,
  "BetBoom": 915.3499781675832,
  "Legacy": 886.9831928315954,
  "Monte": 854.2915753067721,
  "B8": 838.8257134795138
}