{
  "Vitality": 1161.5999718483276,
  "NAVI": 1050.1712220277402,
  "MOUZ": 950.3786898722985,
  "Falcons": 1035.1138204915267,
  "MongolZ": 935.8987244503919,
  "Aurora": 953.6482252415292,
  "FURIA": 1017.3938491407439,
  "PARIVISION": 879.6668380107618,
  "Spirit": 1121.6151477765868,
  "FUT": 921.86730308997,
  "G2": 932.4656210671639,
  "9z": 863.0671402316284,
  "BetBoom": 924.4890443980374,
  "Legacy": 890.5729627952293,
  "Monte": 860.1481049733649,
  "B8": 841.9033345846996
}