{
  "Vitality": 1191.28772285148,
  "NAVI": 1028.7592352609188,
  "MOUZ": 947.7681298972309,
  "Falcons": 1024.7005926462245,
  "MongolZ": 918.2885686014256,
  "Aurora": 955.9522821057263,
  "FURIA": 1021.4827672374142,
  "PARIVISION": 886.0578773447332,
  "Spirit": 1132.4917798929882,
  "FUT": 921.921362906028,
  "G2": 935.9610927996821,
  "9z": 847.6846884880354,
  "BetBoom": 921.7630402754626,
  "Legacy": 909.394941040533,
  "Monte": 852.2197374736569,
  "B8": 844.2661811784594
}