{
  "Vitality": 1177.6195487952946,
  "NAVI": 1049.1987197310045,
  "MOUZ": 953.4814568139858,
  "Falcons": 1040.122223390523,
  "MongolZ": 932.039346577325,
  "Aurora": 951.9420533565511,
  "FURIA": 1008.5222465255257,
  "PARIVISION": 889.0406989740941,
  "Spirit": 1110.5605071164514,
  "FUT": 940.0799565404219,
  "G2": 932.3875590652842,
  "9z": 845.7190463910335,
  "BetBoom": 902.9677017431013,
  "Legacy": 900.8102266622933,
  "Monte": 857.0496994058749,
  "B8": 848.4590089112351
}