{
  "Vitality": 1168.2327059926427,
  "NAVI": 1055.8154551437026,
  "MOUZ": 949.5667581777642,
  "Falcons": 1036.7053850870773,
  "MongolZ": 928.474595222029,
  "Aurora": 958.9641607556205,
  "FURIA": 1021.1913244054165,
  "PARIVISION": 871.6861401843095,
  "Spirit": 1123.808457318531,
  "FUT": 929.1875462910207,
  "G2": 926.9271198027162,
  "9z": 859.9525640369113,
  "BetBoom": 916.6259601801381,
  "Legacy": 896.2487139887695,
  "Monte": 858.1541255798602,
  "B8": 838.4589878334914
}