{
  "meta": {
    "n_sims": 40000,
    "seed": 11,
    "generated": "2026-06-10"
  },
  "probs": {
    "Vitality": {
      "p30": 0.53645,
      "padv": 0.41785,
      "pany": 0.9542999999999999,
      "p03": 0.00385
    },
    "NAVI": {
      "p30": 0.1359,
      "padv": 0.543075,
      "pany": 0.678975,
      "p03": 0.05705
    },
    "MOUZ": {
      "p30": 0.111825,
      "padv": 0.4195,
      "pany": 0.5313249999999999,
      "p03": 0.079825
    },
    "Falcons": {
      "p30": 0.19345,
      "padv": 0.5203,
      "pany": 0.71375,
      "p03": 0.0403
    },
    "MongolZ": {
      "p30": 0.07365,
      "padv": 0.356275,
      "pany": 0.429925,
      "p03": 0.120125
    },
    "Aurora": {
      "p30": 0.116,
      "padv": 0.434075,
      "pany": 0.550075,
      "p03": 0.0716
    },
    "FURIA": {
      "p30": 0.203925,
      "padv": 0.5182,
      "pany": 0.722125,
      "p03": 0.0356
    },
    "PARIVISION": {
      "p30": 0.054925,
      "padv": 0.29745,
      "pany": 0.352375,
      "p03": 0.1443
    },
    "Spirit": {
      "p30": 0.31285,
      "padv": 0.5683,
      "pany": 0.8811500000000001,
      "p03": 0.0159
    },
    "FUT": {
      "p30": 0.031075,
      "padv": 0.305475,
      "pany": 0.33655,
      "p03": 0.2024
    },
    "G2": {
      "p30": 0.0605,
      "padv": 0.37295,
      "pany": 0.43345,
      "p03": 0.133575
    },
    "9z": {
      "p30": 0.030325,
      "padv": 0.216225,
      "pany": 0.24655,
      "p03": 0.21635
    },
    "BetBoom": {
      "p30": 0.0605,
      "padv": 0.3505,
      "pany": 0.411,
      "p03": 0.128275
    },
    "Legacy": {
      "p30": 0.0438,
      "padv": 0.3162,
      "pany": 0.36,
      "p03": 0.159275
    },
    "Monte": {
      "p30": 0.020975,
      "padv": 0.197875,
      "pany": 0.21885,
      "p03": 0.26035
    },
    "B8": {
      "p30": 0.01385,
      "padv": 0.16575,
      "pany": 0.1796,
      "p03": 0.331225
    }
  }
}