{
  "meta": {
    "n_sims": 40000,
    "seed": 11,
    "generated": "2026-06-10"
  },
  "probs": {
    "Vitality": {
      "p30": 0.5198,
      "padv": 0.42565,
      "pany": 0.94545,
      "p03": 0.00475
    },
    "NAVI": {
      "p30": 0.148625,
      "padv": 0.560825,
      "pany": 0.70945,
      "p03": 0.051025
    },
    "MOUZ": {
      "p30": 0.11915,
      "padv": 0.42415,
      "pany": 0.5433,
      "p03": 0.07755
    },
    "Falcons": {
      "p30": 0.202225,
      "padv": 0.5179,
      "pany": 0.720125,
      "p03": 0.039125
    },
    "MongolZ": {
      "p30": 0.0827,
      "padv": 0.378475,
      "pany": 0.461175,
      "p03": 0.1119
    },
    "Aurora": {
      "p30": 0.11545,
      "padv": 0.4248,
      "pany": 0.54025,
      "p03": 0.073425
    },
    "FURIA": {
      "p30": 0.193575,
      "padv": 0.505775,
      "pany": 0.6993499999999999,
      "p03": 0.038275
    },
    "PARIVISION": {
      "p30": 0.0565,
      "padv": 0.29865,
      "pany": 0.35515,
      "p03": 0.144025
    },
    "Spirit": {
      "p30": 0.30105,
      "padv": 0.559325,
      "pany": 0.8603749999999999,
      "p03": 0.01865
    },
    "FUT": {
      "p30": 0.034725,
      "padv": 0.337575,
      "pany": 0.3723,
      "p03": 0.183125
    },
    "G2": {
      "p30": 0.05965,
      "padv": 0.359775,
      "pany": 0.419425,
      "p03": 0.1404
    },
    "9z": {
      "p30": 0.0298,
      "padv": 0.210375,
      "pany": 0.240175,
      "p03": 0.219525
    },
    "BetBoom": {
      "p30": 0.055725,
      "padv": 0.32235,
      "pany": 0.37807500000000005,
      "p03": 0.141125
    },
    "Legacy": {
      "p30": 0.0435,
      "padv": 0.2999,
      "pany": 0.3434,
      "p03": 0.169175
    },
    "Monte": {
      "p30": 0.022075,
      "padv": 0.19965,
      "pany": 0.221725,
      "p03": 0.262775
    },
    "B8": {
      "p30": 0.01545,
      "padv": 0.174825,
      "pany": 0.190275,
      "p03": 0.32515
    }
  }
}