{
  "meta": {
    "n_sims": 40000,
    "seed": 11,
    "generated": "2026-06-10"
  },
  "probs": {
    "Vitality": {
      "p30": 0.494825,
      "padv": 0.443575,
      "pany": 0.9384,
      "p03": 0.006225
    },
    "NAVI": {
      "p30": 0.221175,
      "padv": 0.5598,
      "pany": 0.780975,
      "p03": 0.034325
    },
    "MOUZ": {
      "p30": 0.12705,
      "padv": 0.41975,
      "pany": 0.5468,
      "p03": 0.076775
    },
    "Falcons": {
      "p30": 0.2172,
      "padv": 0.5042,
      "pany": 0.7214,
      "p03": 0.0376
    },
    "MongolZ": {
      "p30": 0.0828,
      "padv": 0.367775,
      "pany": 0.450575,
      "p03": 0.11185
    },
    "Aurora": {
      "p30": 0.110725,
      "padv": 0.407025,
      "pany": 0.51775,
      "p03": 0.0827
    },
    "FURIA": {
      "p30": 0.179425,
      "padv": 0.49395,
      "pany": 0.6733750000000001,
      "p03": 0.046325
    },
    "PARIVISION": {
      "p30": 0.0917,
      "padv": 0.3821,
      "pany": 0.4738,
      "p03": 0.09255
    },
    "Spirit": {
      "p30": 0.20985,
      "padv": 0.566375,
      "pany": 0.7762249999999999,
      "p03": 0.035925
    },
    "FUT": {
      "p30": 0.043025,
      "padv": 0.339225,
      "pany": 0.38225,
      "p03": 0.174275
    },
    "G2": {
      "p30": 0.0479,
      "padv": 0.30735,
      "pany": 0.35525,
      "p03": 0.171625
    },
    "9z": {
      "p30": 0.019275,
      "padv": 0.1513,
      "pany": 0.17057499999999998,
      "p03": 0.2955
    },
    "BetBoom": {
      "p30": 0.06065,
      "padv": 0.3335,
      "pany": 0.39415,
      "p03": 0.136575
    },
    "Legacy": {
      "p30": 0.045775,
      "padv": 0.296625,
      "pany": 0.34240000000000004,
      "p03": 0.174
    },
    "Monte": {
      "p30": 0.02935,
      "padv": 0.22835,
      "pany": 0.2577,
      "p03": 0.230575
    },
    "B8": {
      "p30": 0.019275,
      "padv": 0.1991,
      "pany": 0.21837499999999999,
      "p03": 0.293175
    }
  }
}